"Farming, Fishing, and Forestry Occupations"
"Supervisors of Farming, Fishing, and Forestry Workers"
"First-Line Supervisors of Farming, Fishing, and Forestry Workers"
"First-Line Supervisors of Farming, Fishing, and Forestry Workers"
Agricultural Workers
Agricultural Inspectors
Agricultural Inspectors
Animal Breeders
Animal Breeders
"Graders and Sorters, Agricultural Products"
"Graders and Sorters, Agricultural Products"
Miscellaneous Agricultural Workers
Agricultural Equipment Operators
"Farmworkers and Laborers, Crop, Nursery, and Greenhouse"
"Farmworkers, Farm, Ranch, and Aquacultural Animals"
"Agricultural Workers, All Other"
Fishing and Hunting Workers
Fishing and Hunting Workers
Fishing and Hunting Workers
"Forest, Conservation, and Logging Workers"
Forest and Conservation Workers
Forest and Conservation Workers
Logging Workers
Fallers
Logging Equipment Operators
Log Graders and Scalers
"Logging Workers, All Other"