"Life, Physical, and Social Science Occupations"
Life Scientists
Agricultural and Food Scientists
Animal Scientists
Food Scientists and Technologists
Soil and Plant Scientists
Biological Scientists
Biochemists and Biophysicists
Microbiologists
Zoologists and Wildlife Biologists
"Biological Scientists, All Other"
Conservation Scientists and Foresters
Conservation Scientists
Foresters
Medical Scientists
Epidemiologists
"Medical Scientists, Except Epidemiologists"
Miscellaneous Life Scientists
"Life Scientists, All Other"
Physical Scientists
Astronomers and Physicists
Astronomers
Physicists
Atmospheric and Space Scientists
Atmospheric and Space Scientists
Chemists and Materials Scientists
Chemists
Materials Scientists
Environmental Scientists and Geoscientists
"Environmental Scientists and Specialists, Including Health"
"Geoscientists, Except Hydrologists and Geographers"
Hydrologists
Miscellaneous Physical Scientists
"Physical Scientists, All Other"
Social Scientists and Related Workers
Economists
Economists
Survey Researchers
Survey Researchers
Psychologists
Industrial-Organizational Psychologists
Clinical and Counseling Psychologists
School Psychologists
"Psychologists, All Other"
Sociologists
Sociologists
Urban and Regional Planners
Urban and Regional Planners
Miscellaneous Social Scientists and Related Workers
Anthropologists and Archeologists
Geographers
Historians
Political Scientists
"Social Scientists and Related Workers, All Other"
"Life, Physical, and Social Science Technicians"
Agricultural and Food Science Technicians
Agricultural Technicians
Food Science Technicians
Biological Technicians
Biological Technicians
Chemical Technicians
Chemical Technicians
Environmental Science and Geoscience Technicians
"Environmental Science and Protection Technicians, Including Health"
"Geological Technicians, Except Hydrologic Technicians"
Hydrologic Technicians
Nuclear Technicians
Nuclear Technicians
Social Science Research Assistants
Social Science Research Assistants
Forest and Conservation Technicians
Forest and Conservation Technicians
"Miscellaneous Life, Physical, and Social Science Technicians"
Forensic Science Technicians
"Life, Physical, and Social Science Technicians, All Other"
Occupational Health and Safety Specialists and Technicians
Occupational Health and Safety Specialists and Technicians
Occupational Health and Safety Specialists
Occupational Health and Safety Technicians